<?xml version="1.0" encoding="UTF-8"?>
<project-private xmlns="http://www.netbeans.org/ns/project-private/1">
    <editor-bookmarks xmlns="http://www.netbeans.org/ns/editor-bookmarks/2" lastBookmarkId="0"/>
    <open-files xmlns="http://www.netbeans.org/ns/projectui-open-files/2">
        <group>
            <file>file:/C:/Users/LUCKY%20SINGH/Downloads/CRIME%20MANAGEMENT/src/crime/management/POLICE.java</file>
            <file>file:/C:/Users/LUCKY%20SINGH/Downloads/CRIME%20MANAGEMENT/src/crime/management/add_policemens_awarded.java</file>
            <file>file:/C:/Users/LUCKY%20SINGH/Downloads/CRIME%20MANAGEMENT/src/crime/management/add_a_complain.java</file>
            <file>file:/C:/Users/LUCKY%20SINGH/Downloads/CRIME%20MANAGEMENT/src/crime/management/CRIMEMANAGEMENT.java</file>
            <file>file:/C:/Users/LUCKY%20SINGH/Downloads/CRIME%20MANAGEMENT/src/crime/management/add_a_fir.java</file>
        </group>
    </open-files>
</project-private>
